signal;program_code;date;available_time
SP1;HUCK;25/07/2020;10
SP1;HUCK;01/08/2020;300
SP1;HUCK;08/08/2020;118
SP1;HUCK;15/08/2020;106
SP1;HUCK;22/08/2020;6
SP1;CASA;25/07/2020;138
SP1;CASA;01/08/2020;278
SP1;CASA;08/08/2020;40
SP1;CASA;15/08/2020;192
SP1;CASA;22/08/2020;262
SP1;JHOJ;22/07/2020;226
SP1;JHOJ;23/07/2020;166
SP1;JHOJ;24/07/2020;214
SP1;JHOJ;25/07/2020;218
SP1;JHOJ;27/07/2020;10
SP1;JHOJ;28/07/2020;256
SP1;JHOJ;29/07/2020;176
SP1;JHOJ;30/07/2020;236
SP1;JHOJ;31/07/2020;288
SP1;JHOJ;01/08/2020;150
SP1;JHOJ;03/08/2020;230
SP1;JHOJ;04/08/2020;112
SP1;JHOJ;05/08/2020;278
SP1;JHOJ;06/08/2020;76
SP1;JHOJ;07/08/2020;4
SP1;JHOJ;08/08/2020;144
SP1;JHOJ;10/08/2020;148
SP1;JHOJ;11/08/2020;234
SP1;JHOJ;12/08/2020;270
SP1;JHOJ;13/08/2020;162
SP1;JHOJ;14/08/2020;182
SP1;JHOJ;15/08/2020;140
SP1;JHOJ;17/08/2020;266
SP1;JHOJ;18/08/2020;204
SP1;JHOJ;19/08/2020;188
SP1;JHOJ;20/08/2020;52
SP1;JHOJ;21/08/2020;240
SP1;JHOJ;22/08/2020;50
SP1;JHOJ;24/08/2020;202
SP1;JHOJ;25/08/2020;184
SP1;JHOJ;26/08/2020;30
SP1;JHOJ;27/08/2020;132
SP1;JHOJ;28/08/2020;144
SP1;AUTO;26/07/2020;2
SP1;AUTO;02/08/2020;96
SP1;AUTO;09/08/2020;186
SP1;AUTO;16/08/2020;4
SP1;AUTO;23/08/2020;228
SP1;ESPO;26/07/2020;170
SP1;ESPO;02/08/2020;90
SP1;ESPO;09/08/2020;134
SP1;ESPO;16/08/2020;254
SP1;ESPO;23/08/2020;222
SP1;GESP;01/08/2020;116
SP1;GESP;03/08/2020;162
SP1;GESP;04/08/2020;236
SP1;GESP;05/08/2020;150
SP1;GESP;06/08/2020;236
SP1;GESP;07/08/2020;114
SP1;GESP;08/08/2020;204
SP1;GESP;10/08/2020;44
SP1;GESP;11/08/2020;2
SP1;GESP;12/08/2020;118
SP1;GESP;13/08/2020;64
SP1;GESP;14/08/2020;222
SP1;GESP;15/08/2020;140
SP1;GESP;17/08/2020;78
SP1;GESP;18/08/2020;238
SP1;GESP;19/08/2020;188
SP1;GESP;20/08/2020;252
SP1;GESP;21/08/2020;62
SP1;GESP;22/08/2020;228
SP1;GESP;24/08/2020;132
SP1;GESP;25/08/2020;102
SP1;GESP;26/08/2020;130
SP1;GESP;27/08/2020;100
SP1;GESP;28/08/2020;118
SP1;BPRA;22/07/2020;80
SP1;BPRA;23/07/2020;46
SP1;BPRA;24/07/2020;262
SP1;BPRA;27/07/2020;280
SP1;BPRA;28/07/2020;90
SP1;BPRA;29/07/2020;82
SP1;BPRA;30/07/2020;144
SP1;BPRA;31/07/2020;182
SP1;BPRA;03/08/2020;182
SP1;BPRA;04/08/2020;10
SP1;BPRA;05/08/2020;140
SP1;BPRA;06/08/2020;202
SP1;BPRA;07/08/2020;164
SP1;BPRA;10/08/2020;264
SP1;BPRA;11/08/2020;180
SP1;BPRA;12/08/2020;284
SP1;BPRA;13/08/2020;14
SP1;BPRA;14/08/2020;106
SP1;BPRA;17/08/2020;50
SP1;BPRA;18/08/2020;34
SP1;BPRA;19/08/2020;272
SP1;BPRA;20/08/2020;268
SP1;BPRA;21/08/2020;62
SP1;BPRA;24/08/2020;38
SP1;BPRA;25/08/2020;266
SP1;BPRA;26/08/2020;286
SP1;BPRA;27/08/2020;96
SP1;BPRA;28/08/2020;250
SP1;SCOM;01/08/2020;156
SP1;SCOM;08/08/2020;44
SP1;SCOM;22/08/2020;40
SP1;HORA;22/07/2020;198
SP1;HORA;23/07/2020;296
SP1;HORA;24/07/2020;122
SP1;HORA;27/07/2020;200
SP1;HORA;28/07/2020;32
SP1;HORA;29/07/2020;216
SP1;HORA;30/07/2020;252
SP1;HORA;31/07/2020;122
SP1;HORA;03/08/2020;250
SP1;HORA;04/08/2020;238
SP1;HORA;05/08/2020;182
SP1;HORA;06/08/2020;150
SP1;HORA;07/08/2020;92
SP1;HORA;10/08/2020;162
SP1;HORA;11/08/2020;264
SP1;HORA;12/08/2020;254
SP1;HORA;13/08/2020;108
SP1;HORA;14/08/2020;110
SP1;HORA;17/08/2020;66
SP1;HORA;18/08/2020;250
SP1;HORA;19/08/2020;166
SP1;HORA;20/08/2020;52
SP1;HORA;21/08/2020;106
SP1;HORA;24/08/2020;68
SP1;HORA;25/08/2020;176
SP1;HORA;26/08/2020;118
SP1;HORA;27/08/2020;66
SP1;HORA;28/08/2020;156
SP1;FATI;22/07/2020;110
SP1;FATI;23/07/2020;138
SP1;FATI;24/07/2020;82
SP1;FATI;27/07/2020;98
SP1;FATI;28/07/2020;184
SP1;FATI;29/07/2020;36
SP1;FATI;30/07/2020;208
SP1;FATI;31/07/2020;50
SP1;FATI;03/08/2020;160
SP1;FATI;04/08/2020;34
SP1;FATI;05/08/2020;144
SP1;FATI;06/08/2020;76
SP1;FATI;07/08/2020;186
SP1;FATI;10/08/2020;136
SP1;FATI;11/08/2020;72
SP1;FATI;12/08/2020;296
SP1;FATI;13/08/2020;48
SP1;FATI;14/08/2020;172
SP1;FATI;17/08/2020;266
SP1;FATI;18/08/2020;202
SP1;FATI;19/08/2020;220
SP1;FATI;20/08/2020;10
SP1;FATI;21/08/2020;154
SP1;FATI;24/08/2020;74
SP1;FATI;25/08/2020;58
SP1;FATI;26/08/2020;30
SP1;FATI;27/08/2020;110
SP1;FATI;28/08/2020;52
SP1;GRUD;26/07/2020;20
SP1;GRUD;02/08/2020;228
SP1;GRUD;09/08/2020;262
SP1;GRUD;16/08/2020;76
SP1;GRUD;23/08/2020;136
SP1;PTV1;22/07/2020;212
SP1;PTV1;23/07/2020;162
SP1;PTV1;24/07/2020;90
SP1;PTV1;25/07/2020;280
SP1;PTV1;27/07/2020;236
SP1;PTV1;28/07/2020;274
SP1;PTV1;29/07/2020;100
SP1;PTV1;30/07/2020;120
SP1;PTV1;31/07/2020;290
SP1;PTV1;01/08/2020;270
SP1;PTV1;03/08/2020;118
SP1;PTV1;04/08/2020;76
SP1;PTV1;05/08/2020;240
SP1;PTV1;06/08/2020;166
SP1;PTV1;07/08/2020;228
SP1;PTV1;08/08/2020;226
SP1;PTV1;10/08/2020;160
SP1;PTV1;11/08/2020;276
SP1;PTV1;12/08/2020;246
SP1;PTV1;13/08/2020;44
SP1;PTV1;14/08/2020;298
SP1;PTV1;15/08/2020;194
SP1;PTV1;17/08/2020;286
SP1;PTV1;18/08/2020;150
SP1;PTV1;19/08/2020;130
SP1;PTV1;20/08/2020;250
SP1;PTV1;21/08/2020;44
SP1;PTV1;22/08/2020;28
SP1;PTV1;24/08/2020;86
SP1;PTV1;25/08/2020;144
SP1;PTV1;26/08/2020;46
SP1;PTV1;27/08/2020;168
SP1;PTV1;28/08/2020;106
SP1;TARA;22/07/2020;80
SP1;TARA;23/07/2020;286
SP1;TARA;24/07/2020;200
SP1;TARA;27/07/2020;14
SP1;TARA;28/07/2020;74
SP1;TARA;29/07/2020;226
SP1;TARA;30/07/2020;112
SP1;TARA;31/07/2020;110
SP1;TARA;03/08/2020;156
SP1;TARA;04/08/2020;178
SP1;TARA;05/08/2020;34
SP1;TARA;06/08/2020;188
SP1;TARA;07/08/2020;244
SP1;TARA;10/08/2020;36
SP1;TARA;11/08/2020;32
SP1;TARA;12/08/2020;150
SP1;TARA;13/08/2020;162
SP1;TARA;14/08/2020;106
SP1;TARA;17/08/2020;82
SP1;TARA;18/08/2020;184
SP1;TARA;19/08/2020;170
SP1;TARA;20/08/2020;226
SP1;TARA;21/08/2020;188
SP1;TARA;24/08/2020;100
SP1;TARA;25/08/2020;208
SP1;TARA;26/08/2020;86
SP1;TARA;27/08/2020;298
SP1;TARA;28/08/2020;210
SP1;TMAX;26/07/2020;26
SP1;TMAX;02/08/2020;52
SP1;TMAX;09/08/2020;98
SP1;TMAX;16/08/2020;60
SP1;TMAX;23/08/2020;300
SP1;JOGA;04/08/2020;104
SP1;JOGA;05/08/2020;214
SP1;JOGA;10/08/2020;202
SP1;JOGA;12/08/2020;40
SP1;JOGA;19/08/2020;76
SP1;JOGA;26/08/2020;124
SP1;SUCI;25/07/2020;20
SP1;SUCI;01/08/2020;290
SP1;SUCI;08/08/2020;56
SP1;SUCI;15/08/2020;106
SP1;SUCI;22/08/2020;268
SP1;EMPR;26/07/2020;162
SP1;EMPR;02/08/2020;246
SP1;EMPR;09/08/2020;260
SP1;EMPR;16/08/2020;216
SP1;EMPR;23/08/2020;12
SP1;SAME;22/07/2020;206
SP1;SAME;23/07/2020;130
SP1;SAME;24/07/2020;16
SP1;SAME;27/07/2020;250
SP1;SAME;28/07/2020;294
SP1;SAME;29/07/2020;62
SP1;SAME;30/07/2020;258
SP1;SAME;31/07/2020;190
SP1;SAME;03/08/2020;240
SP1;SAME;04/08/2020;24
SP1;SAME;05/08/2020;42
SP1;SAME;06/08/2020;238
SP1;SAME;07/08/2020;34
SP1;SAME;10/08/2020;260
SP1;SAME;11/08/2020;232
SP1;SAME;12/08/2020;18
SP1;SAME;13/08/2020;276
SP1;SAME;14/08/2020;296
SP1;SAME;17/08/2020;32
SP1;SAME;18/08/2020;152
SP1;SAME;19/08/2020;154
SP1;SAME;20/08/2020;130
SP1;SAME;21/08/2020;242
SP1;SAME;24/08/2020;168
SP1;SAME;25/08/2020;276
SP1;SAME;26/08/2020;22
SP1;SAME;27/08/2020;114
SP1;SAME;28/08/2020;274
SP1;MAVO;03/08/2020;276
SP1;MAVO;04/08/2020;64
SP1;MAVO;05/08/2020;96
SP1;MAVO;06/08/2020;214
SP1;MAVO;07/08/2020;46
SP1;MAVO;10/08/2020;122
SP1;MAVO;11/08/2020;162
SP1;MAVO;12/08/2020;146
SP1;MAVO;13/08/2020;258
SP1;MAVO;14/08/2020;170
SP1;MAVO;17/08/2020;32
SP1;MAVO;18/08/2020;254
SP1;MAVO;19/08/2020;88
SP1;MAVO;20/08/2020;250
SP1;MAVO;21/08/2020;208
SP1;MAVO;24/08/2020;256
SP1;MAVO;25/08/2020;150
SP1;MAVO;26/08/2020;118
SP1;MAVO;27/08/2020;38
SP1;MAVO;28/08/2020;296
SP1;BIAL;22/07/2020;168
SP1;BIAL;23/07/2020;124
SP1;BIAL;24/07/2020;216
SP1;BIAL;27/07/2020;236
SP1;BIAL;28/07/2020;142
SP1;BIAL;29/07/2020;4
SP1;BIAL;30/07/2020;136
SP1;BIAL;31/07/2020;168
SP1;BIAL;03/08/2020;198
SP1;BIAL;04/08/2020;122
SP1;BIAL;06/08/2020;272
SP1;BIAL;10/08/2020;50
SP1;BIAL;11/08/2020;136
SP1;BIAL;13/08/2020;138
SP1;BIAL;14/08/2020;146
SP1;BIAL;17/08/2020;266
SP1;BIAL;18/08/2020;196
SP1;BIAL;19/08/2020;14
SP1;BIAL;20/08/2020;36
SP1;BIAL;21/08/2020;196
SP1;BIAL;25/08/2020;206
SP1;BIAL;26/08/2020;290
SP1;BIAL;27/08/2020;78
SP1;SERA;25/07/2020;108
SP1;SERA;01/08/2020;134
SP1;SERA;08/08/2020;222
SP1;SERA;15/08/2020;52
SP1;SERA;22/08/2020;188
SP1;VALE;22/07/2020;224
SP1;VALE;23/07/2020;30
SP1;VALE;24/07/2020;102
SP1;VALE;27/07/2020;140
SP1;VALE;28/07/2020;172
SP1;VALE;29/07/2020;50
SP1;VALE;30/07/2020;76
SP1;VALE;31/07/2020;190
SP1;VALE;03/08/2020;198
SP1;VALE;04/08/2020;286
SP1;VALE;05/08/2020;108
SP1;VALE;06/08/2020;84
SP1;VALE;07/08/2020;226
SP1;VALE;10/08/2020;266
SP1;VALE;11/08/2020;122
SP1;VALE;12/08/2020;204
SP1;VALE;13/08/2020;120
SP1;VALE;14/08/2020;14
SP1;VALE;17/08/2020;170
SP1;VALE;18/08/2020;264
SP1;VALE;19/08/2020;22
SP1;VALE;20/08/2020;194
SP1;VALE;21/08/2020;284
SP1;VALE;24/08/2020;232
SP1;VALE;25/08/2020;30
SP1;VALE;26/08/2020;228
SP1;VALE;27/08/2020;164
SP1;VALE;28/08/2020;56
SP1;NBRA;22/07/2020;124
SP1;NBRA;23/07/2020;136
SP1;NBRA;24/07/2020;130
SP1;NBRA;27/07/2020;22
SP1;NBRA;28/07/2020;12
SP1;NBRA;29/07/2020;38
SP1;NBRA;30/07/2020;152
SP1;NBRA;31/07/2020;234
SP1;NBRA;03/08/2020;236
SP1;NBRA;04/08/2020;220
SP1;NBRA;05/08/2020;258
SP1;NBRA;06/08/2020;68
SP1;NBRA;07/08/2020;36
SP1;NBRA;10/08/2020;282
SP1;NBRA;11/08/2020;112
SP1;NBRA;12/08/2020;186
SP1;NBRA;13/08/2020;202
SP1;NBRA;14/08/2020;10
SP1;NBRA;17/08/2020;118
SP1;NBRA;18/08/2020;74
SP1;NBRA;19/08/2020;36
SP1;NBRA;20/08/2020;288
SP1;NBRA;21/08/2020;4
SP1;NBRA;24/08/2020;288
SP1;NBRA;25/08/2020;150
SP1;NBRA;26/08/2020;88
SP1;NBRA;27/08/2020;246
SP1;NBRA;28/08/2020;294
RJ;HUCK;25/07/2020;78
RJ;HUCK;01/08/2020;212
RJ;HUCK;08/08/2020;240
RJ;HUCK;15/08/2020;102
RJ;HUCK;22/08/2020;292
RJ;CASA;25/07/2020;2
RJ;CASA;01/08/2020;6
RJ;CASA;08/08/2020;92
RJ;CASA;15/08/2020;202
RJ;CASA;22/08/2020;108
RJ;JHOJ;22/07/2020;292
RJ;JHOJ;23/07/2020;82
RJ;JHOJ;24/07/2020;96
RJ;JHOJ;25/07/2020;160
RJ;JHOJ;27/07/2020;92
RJ;JHOJ;28/07/2020;276
RJ;JHOJ;29/07/2020;180
RJ;JHOJ;30/07/2020;46
RJ;JHOJ;31/07/2020;136
RJ;JHOJ;01/08/2020;6
RJ;JHOJ;03/08/2020;98
RJ;JHOJ;04/08/2020;230
RJ;JHOJ;05/08/2020;298
RJ;JHOJ;06/08/2020;28
RJ;JHOJ;07/08/2020;150
RJ;JHOJ;08/08/2020;136
RJ;JHOJ;10/08/2020;50
RJ;JHOJ;11/08/2020;296
RJ;JHOJ;12/08/2020;212
RJ;JHOJ;13/08/2020;214
RJ;JHOJ;14/08/2020;62
RJ;JHOJ;15/08/2020;204
RJ;JHOJ;17/08/2020;22
RJ;JHOJ;18/08/2020;114
RJ;JHOJ;19/08/2020;238
RJ;JHOJ;20/08/2020;60
RJ;JHOJ;21/08/2020;234
RJ;JHOJ;22/08/2020;66
RJ;JHOJ;24/08/2020;274
RJ;JHOJ;25/08/2020;176
RJ;JHOJ;26/08/2020;216
RJ;JHOJ;27/08/2020;290
RJ;JHOJ;28/08/2020;256
RJ;AUTO;26/07/2020;290
RJ;AUTO;02/08/2020;2
RJ;AUTO;09/08/2020;212
RJ;AUTO;16/08/2020;292
RJ;AUTO;23/08/2020;272
RJ;ESPO;26/07/2020;172
RJ;ESPO;02/08/2020;296
RJ;ESPO;09/08/2020;272
RJ;ESPO;16/08/2020;220
RJ;ESPO;23/08/2020;284
RJ;GESP;01/08/2020;16
RJ;GESP;03/08/2020;282
RJ;GESP;04/08/2020;40
RJ;GESP;05/08/2020;86
RJ;GESP;06/08/2020;168
RJ;GESP;07/08/2020;44
RJ;GESP;08/08/2020;42
RJ;GESP;10/08/2020;286
RJ;GESP;11/08/2020;288
RJ;GESP;12/08/2020;32
RJ;GESP;13/08/2020;76
RJ;GESP;14/08/2020;218
RJ;GESP;15/08/2020;196
RJ;GESP;17/08/2020;218
RJ;GESP;18/08/2020;78
RJ;GESP;19/08/2020;270
RJ;GESP;20/08/2020;198
RJ;GESP;21/08/2020;62
RJ;GESP;22/08/2020;212
RJ;GESP;24/08/2020;280
RJ;GESP;25/08/2020;86
RJ;GESP;26/08/2020;62
RJ;GESP;27/08/2020;16
RJ;GESP;28/08/2020;210
RJ;BPRA;22/07/2020;212
RJ;BPRA;23/07/2020;64
RJ;BPRA;24/07/2020;72
RJ;BPRA;27/07/2020;142
RJ;BPRA;28/07/2020;190
RJ;BPRA;29/07/2020;30
RJ;BPRA;30/07/2020;124
RJ;BPRA;31/07/2020;80
RJ;BPRA;03/08/2020;300
RJ;BPRA;04/08/2020;44
RJ;BPRA;05/08/2020;62
RJ;BPRA;06/08/2020;50
RJ;BPRA;07/08/2020;290
RJ;BPRA;10/08/2020;4
RJ;BPRA;11/08/2020;48
RJ;BPRA;12/08/2020;284
RJ;BPRA;13/08/2020;56
RJ;BPRA;14/08/2020;112
RJ;BPRA;17/08/2020;274
RJ;BPRA;18/08/2020;190
RJ;BPRA;19/08/2020;24
RJ;BPRA;20/08/2020;252
RJ;BPRA;21/08/2020;154
RJ;BPRA;24/08/2020;206
RJ;BPRA;25/08/2020;278
RJ;BPRA;26/08/2020;222
RJ;BPRA;27/08/2020;146
RJ;BPRA;28/08/2020;112
RJ;SCOM;01/08/2020;90
RJ;SCOM;08/08/2020;16
RJ;SCOM;22/08/2020;166
RJ;HORA;22/07/2020;26
RJ;HORA;23/07/2020;118
RJ;HORA;24/07/2020;96
RJ;HORA;27/07/2020;298
RJ;HORA;28/07/2020;136
RJ;HORA;29/07/2020;216
RJ;HORA;30/07/2020;196
RJ;HORA;31/07/2020;288
RJ;HORA;03/08/2020;184
RJ;HORA;04/08/2020;136
RJ;HORA;05/08/2020;186
RJ;HORA;06/08/2020;300
RJ;HORA;07/08/2020;294
RJ;HORA;10/08/2020;198
RJ;HORA;11/08/2020;10
RJ;HORA;12/08/2020;172
RJ;HORA;13/08/2020;2
RJ;HORA;14/08/2020;106
RJ;HORA;17/08/2020;256
RJ;HORA;18/08/2020;222
RJ;HORA;19/08/2020;194
RJ;HORA;20/08/2020;172
RJ;HORA;21/08/2020;164
RJ;HORA;24/08/2020;214
RJ;HORA;25/08/2020;206
RJ;HORA;26/08/2020;234
RJ;HORA;27/08/2020;130
RJ;HORA;28/08/2020;278
RJ;FATI;22/07/2020;222
RJ;FATI;23/07/2020;84
RJ;FATI;24/07/2020;200
RJ;FATI;27/07/2020;138
RJ;FATI;28/07/2020;164
RJ;FATI;29/07/2020;258
RJ;FATI;30/07/2020;220
RJ;FATI;31/07/2020;52
RJ;FATI;03/08/2020;282
RJ;FATI;04/08/2020;188
RJ;FATI;05/08/2020;92
RJ;FATI;06/08/2020;90
RJ;FATI;07/08/2020;184
RJ;FATI;10/08/2020;18
RJ;FATI;11/08/2020;86
RJ;FATI;12/08/2020;222
RJ;FATI;13/08/2020;220
RJ;FATI;14/08/2020;272
RJ;FATI;17/08/2020;246
RJ;FATI;18/08/2020;202
RJ;FATI;19/08/2020;146
RJ;FATI;20/08/2020;256
RJ;FATI;21/08/2020;120
RJ;FATI;24/08/2020;162
RJ;FATI;25/08/2020;120
RJ;FATI;26/08/2020;204
RJ;FATI;27/08/2020;26
RJ;FATI;28/08/2020;152
RJ;GRUD;26/07/2020;56
RJ;GRUD;02/08/2020;68
RJ;GRUD;09/08/2020;90
RJ;GRUD;16/08/2020;54
RJ;GRUD;23/08/2020;60
RJ;PTV1;22/07/2020;148
RJ;PTV1;23/07/2020;252
RJ;PTV1;24/07/2020;266
RJ;PTV1;25/07/2020;178
RJ;PTV1;27/07/2020;244
RJ;PTV1;28/07/2020;148
RJ;PTV1;29/07/2020;148
RJ;PTV1;30/07/2020;116
RJ;PTV1;31/07/2020;30
RJ;PTV1;01/08/2020;200
RJ;PTV1;03/08/2020;200
RJ;PTV1;04/08/2020;262
RJ;PTV1;05/08/2020;162
RJ;PTV1;06/08/2020;220
RJ;PTV1;07/08/2020;18
RJ;PTV1;08/08/2020;68
RJ;PTV1;10/08/2020;252
RJ;PTV1;11/08/2020;124
RJ;PTV1;12/08/2020;212
RJ;PTV1;13/08/2020;34
RJ;PTV1;14/08/2020;248
DF;HUCK;25/07/2020;174
DF;HUCK;01/08/2020;210
DF;HUCK;08/08/2020;260
DF;HUCK;15/08/2020;276
DF;HUCK;22/08/2020;176
DF;CASA;25/07/2020;48
DF;CASA;01/08/2020;14
DF;CASA;08/08/2020;82
DF;CASA;15/08/2020;60
DF;CASA;22/08/2020;186
DF;JHOJ;22/07/2020;10
DF;JHOJ;23/07/2020;88
DF;JHOJ;24/07/2020;192
DF;JHOJ;25/07/2020;258
DF;JHOJ;27/07/2020;70
DF;JHOJ;28/07/2020;18
DF;JHOJ;29/07/2020;204
DF;JHOJ;30/07/2020;68
DF;JHOJ;31/07/2020;96
DF;JHOJ;01/08/2020;222
DF;JHOJ;03/08/2020;264
DF;JHOJ;04/08/2020;70
DF;JHOJ;05/08/2020;274
DF;JHOJ;06/08/2020;204
DF;JHOJ;07/08/2020;100
DF;JHOJ;08/08/2020;4
DF;JHOJ;10/08/2020;168
DF;JHOJ;11/08/2020;106
DF;JHOJ;12/08/2020;256
DF;JHOJ;13/08/2020;228
DF;JHOJ;14/08/2020;162
DF;JHOJ;15/08/2020;228
DF;JHOJ;17/08/2020;36
DF;JHOJ;18/08/2020;2
DF;JHOJ;19/08/2020;240
DF;JHOJ;20/08/2020;52
DF;JHOJ;21/08/2020;26
DF;JHOJ;22/08/2020;292
DF;JHOJ;24/08/2020;72
DF;JHOJ;25/08/2020;240
DF;JHOJ;26/08/2020;50
DF;JHOJ;27/08/2020;44
DF;JHOJ;28/08/2020;166
DF;AUTO;26/07/2020;78
DF;AUTO;02/08/2020;48
DF;AUTO;09/08/2020;292
DF;AUTO;16/08/2020;156
DF;AUTO;23/08/2020;124
DF;ESPO;26/07/2020;244
DF;ESPO;02/08/2020;76
DF;ESPO;09/08/2020;112
DF;ESPO;16/08/2020;272
DF;ESPO;23/08/2020;220
DF;GESP;01/08/2020;232
DF;GESP;03/08/2020;208
DF;GESP;04/08/2020;212
DF;GESP;05/08/2020;182
DF;GESP;06/08/2020;118
DF;GESP;07/08/2020;104
DF;GESP;08/08/2020;48
DF;GESP;10/08/2020;290
DF;GESP;11/08/2020;222
DF;GESP;12/08/2020;224
DF;GESP;13/08/2020;90
DF;GESP;14/08/2020;184
DF;GESP;15/08/2020;238
DF;GESP;17/08/2020;180
DF;GESP;18/08/2020;192
DF;GESP;19/08/2020;140
DF;GESP;20/08/2020;110
DF;GESP;21/08/2020;96
DF;GESP;22/08/2020;88
DF;GESP;24/08/2020;270
DF;GESP;25/08/2020;260
DF;GESP;26/08/2020;100
DF;GESP;27/08/2020;20
DF;GESP;28/08/2020;94
DF;BPRA;22/07/2020;288
DF;BPRA;23/07/2020;270
DF;BPRA;24/07/2020;70
DF;BPRA;27/07/2020;46
DF;BPRA;28/07/2020;98
DF;BPRA;29/07/2020;214
DF;BPRA;30/07/2020;70
DF;BPRA;31/07/2020;126
DF;BPRA;03/08/2020;196
DF;BPRA;04/08/2020;106
DF;BPRA;05/08/2020;194
DF;BPRA;06/08/2020;270
DF;BPRA;07/08/2020;226
DF;BPRA;10/08/2020;116
DF;BPRA;11/08/2020;152
DF;BPRA;12/08/2020;216
DF;BPRA;13/08/2020;140
DF;BPRA;14/08/2020;240
DF;BPRA;17/08/2020;206
DF;BPRA;18/08/2020;118
DF;BPRA;19/08/2020;22
DF;BPRA;20/08/2020;152
DF;BPRA;21/08/2020;268
DF;BPRA;24/08/2020;150
DF;BPRA;25/08/2020;186
DF;BPRA;26/08/2020;156
DF;BPRA;27/08/2020;184
DF;BPRA;28/08/2020;114
DF;SCOM;01/08/2020;264
DF;SCOM;08/08/2020;294
DF;SCOM;22/08/2020;248
DF;HORA;22/07/2020;16
DF;HORA;23/07/2020;200
DF;HORA;24/07/2020;260
DF;HORA;27/07/2020;220
DF;HORA;28/07/2020;284
DF;HORA;29/07/2020;58
DF;HORA;30/07/2020;120
DF;HORA;31/07/2020;144
DF;HORA;03/08/2020;70
DF;HORA;04/08/2020;44
DF;HORA;05/08/2020;202
DF;HORA;06/08/2020;142
DF;HORA;07/08/2020;150
DF;HORA;10/08/2020;20
DF;HORA;11/08/2020;42
DF;HORA;12/08/2020;138
DF;HORA;13/08/2020;68
DF;HORA;14/08/2020;38
DF;HORA;17/08/2020;206
DF;HORA;18/08/2020;192
DF;HORA;19/08/2020;48
DF;HORA;20/08/2020;172
DF;HORA;21/08/2020;52
DF;HORA;24/08/2020;18
DF;HORA;25/08/2020;102
DF;HORA;26/08/2020;238
DF;HORA;27/08/2020;280
DF;HORA;28/08/2020;130
DF;FATI;22/07/2020;24
DF;FATI;23/07/2020;158
DF;FATI;24/07/2020;72
DF;FATI;27/07/2020;248
DF;FATI;28/07/2020;246
DF;FATI;29/07/2020;202
DF;FATI;30/07/2020;58
DF;FATI;31/07/2020;32
DF;FATI;03/08/2020;84
DF;FATI;04/08/2020;172
DF;FATI;05/08/2020;170
DF;FATI;06/08/2020;12
DF;FATI;07/08/2020;86
DF;FATI;10/08/2020;38
DF;FATI;11/08/2020;82
DF;FATI;12/08/2020;126
DF;FATI;13/08/2020;114
DF;FATI;14/08/2020;16
DF;FATI;17/08/2020;72
DF;FATI;18/08/2020;290
DF;FATI;19/08/2020;212
DF;FATI;20/08/2020;260
DF;FATI;21/08/2020;164
DF;FATI;24/08/2020;114
DF;FATI;25/08/2020;28
DF;FATI;26/08/2020;12
DF;FATI;27/08/2020;156
DF;FATI;28/08/2020;164
DF;GRUD;26/07/2020;160
DF;GRUD;02/08/2020;262
DF;GRUD;09/08/2020;180
DF;GRUD;16/08/2020;116
DF;GRUD;23/08/2020;248
DF;PTV1;22/07/2020;36
DF;PTV1;23/07/2020;236
DF;PTV1;24/07/2020;110
DF;PTV1;25/07/2020;168
DF;PTV1;27/07/2020;84
DF;PTV1;28/07/2020;290
DF;PTV1;29/07/2020;30
DF;PTV1;30/07/2020;132
DF;PTV1;31/07/2020;258
DF;PTV1;01/08/2020;22
DF;PTV1;03/08/2020;120
DF;PTV1;04/08/2020;216
DF;PTV1;05/08/2020;268
DF;PTV1;06/08/2020;266
DF;PTV1;07/08/2020;62
DF;PTV1;08/08/2020;230
DF;PTV1;10/08/2020;272
DF;PTV1;11/08/2020;88
DF;PTV1;12/08/2020;290
DF;PTV1;13/08/2020;118
DF;PTV1;14/08/2020;48
DF;PTV1;15/08/2020;232
DF;PTV1;17/08/2020;176
DF;PTV1;18/08/2020;254
DF;PTV1;19/08/2020;298
DF;PTV1;20/08/2020;66
DF;PTV1;21/08/2020;54
DF;PTV1;22/08/2020;152
DF;PTV1;24/08/2020;122
DF;PTV1;25/08/2020;100
DF;PTV1;26/08/2020;112
DF;PTV1;27/08/2020;90
DF;PTV1;28/08/2020;38
DF;TARA;22/07/2020;172
DF;TARA;23/07/2020;188
DF;TARA;24/07/2020;52
DF;TARA;27/07/2020;42
DF;TARA;28/07/2020;30
DF;TARA;29/07/2020;48
DF;TARA;30/07/2020;142
DF;TARA;31/07/2020;14
DF;TARA;03/08/2020;238
DF;TARA;04/08/2020;172
DF;TARA;05/08/2020;234
DF;TARA;06/08/2020;114
DF;TARA;07/08/2020;120
DF;TARA;10/08/2020;62
DF;TARA;11/08/2020;250
DF;TARA;12/08/2020;78
DF;TARA;13/08/2020;190
DF;TARA;14/08/2020;36
DF;TARA;17/08/2020;128
DF;TARA;18/08/2020;230
DF;TARA;19/08/2020;204
DF;TARA;20/08/2020;86
DF;TARA;21/08/2020;196
DF;TARA;24/08/2020;70
DF;TARA;25/08/2020;116
DF;TARA;26/08/2020;254
DF;TARA;27/08/2020;34
DF;TARA;28/08/2020;260
DF;TMAX;26/07/2020;24
DF;TMAX;02/08/2020;164
DF;TMAX;09/08/2020;180
DF;TMAX;16/08/2020;168
DF;TMAX;23/08/2020;236
DF;JOGA;04/08/2020;108
DF;JOGA;05/08/2020;222
DF;JOGA;10/08/2020;50
DF;JOGA;12/08/2020;122
DF;JOGA;19/08/2020;134
DF;JOGA;26/08/2020;128
DF;SUCI;25/07/2020;2
DF;SUCI;01/08/2020;194
DF;SUCI;08/08/2020;86
DF;SUCI;15/08/2020;236
DF;SUCI;22/08/2020;250
DF;EMPR;26/07/2020;64
DF;EMPR;02/08/2020;238
DF;EMPR;09/08/2020;52
DF;EMPR;16/08/2020;80
DF;EMPR;23/08/2020;238
DF;SAME;22/07/2020;60
DF;SAME;23/07/2020;218
DF;SAME;24/07/2020;100
DF;SAME;27/07/2020;240
DF;SAME;28/07/2020;204
DF;SAME;29/07/2020;138
DF;SAME;30/07/2020;216
DF;SAME;31/07/2020;86
DF;SAME;03/08/2020;170
DF;SAME;04/08/2020;22
DF;SAME;05/08/2020;72
DF;SAME;06/08/2020;208
DF;SAME;07/08/2020;150
DF;SAME;10/08/2020;10
DF;SAME;11/08/2020;50
DF;SAME;12/08/2020;78
DF;SAME;13/08/2020;148
DF;SAME;14/08/2020;106
DF;SAME;17/08/2020;118
DF;SAME;18/08/2020;66
DF;SAME;19/08/2020;92
DF;SAME;20/08/2020;116
DF;SAME;21/08/2020;96
DF;SAME;24/08/2020;284
DF;SAME;25/08/2020;92
DF;SAME;26/08/2020;70
DF;SAME;27/08/2020;254
DF;SAME;28/08/2020;152
DF;MAVO;03/08/2020;146
DF;MAVO;04/08/2020;78
DF;MAVO;05/08/2020;294
DF;MAVO;06/08/2020;6
DF;MAVO;07/08/2020;34
DF;MAVO;10/08/2020;202
DF;MAVO;11/08/2020;262
DF;MAVO;12/08/2020;234
DF;MAVO;13/08/2020;212
DF;MAVO;14/08/2020;270
DF;MAVO;17/08/2020;64
DF;MAVO;18/08/2020;214
DF;MAVO;19/08/2020;58
DF;MAVO;20/08/2020;18
DF;MAVO;21/08/2020;64
DF;MAVO;24/08/2020;226
DF;MAVO;25/08/2020;256
DF;MAVO;26/08/2020;162
DF;MAVO;27/08/2020;262
DF;MAVO;28/08/2020;142
DF;BIAL;22/07/2020;130
DF;BIAL;23/07/2020;278
DF;BIAL;24/07/2020;72
DF;BIAL;27/07/2020;124
DF;BIAL;28/07/2020;190
DF;BIAL;29/07/2020;16
DF;BIAL;30/07/2020;206
DF;BIAL;31/07/2020;158
DF;BIAL;03/08/2020;156
DF;BIAL;04/08/2020;4
DF;BIAL;06/08/2020;208
DF;BIAL;10/08/2020;144
DF;BIAL;11/08/2020;174
DF;BIAL;13/08/2020;294
DF;BIAL;14/08/2020;214
DF;BIAL;17/08/2020;206
DF;BIAL;18/08/2020;114
DF;BIAL;19/08/2020;142
DF;BIAL;20/08/2020;82
DF;BIAL;21/08/2020;284
DF;BIAL;25/08/2020;90
DF;BIAL;26/08/2020;292
DF;BIAL;27/08/2020;44
DF;SERA;25/07/2020;26
DF;SERA;01/08/2020;300
DF;SERA;08/08/2020;96
DF;SERA;15/08/2020;152
DF;SERA;22/08/2020;194
DF;VALE;22/07/2020;128
DF;VALE;23/07/2020;88
DF;VALE;24/07/2020;214
DF;VALE;27/07/2020;70
DF;VALE;28/07/2020;42
DF;VALE;29/07/2020;240
DF;VALE;30/07/2020;62
DF;VALE;31/07/2020;100
DF;VALE;03/08/2020;112
DF;VALE;04/08/2020;206
DF;VALE;05/08/2020;246
DF;VALE;06/08/2020;14
DF;VALE;07/08/2020;148
DF;VALE;10/08/2020;172
DF;VALE;11/08/2020;16
DF;VALE;12/08/2020;246
DF;VALE;13/08/2020;68
DF;VALE;14/08/2020;44
DF;VALE;17/08/2020;180
DF;VALE;18/08/2020;98
DF;VALE;19/08/2020;250
DF;VALE;20/08/2020;140
DF;VALE;21/08/2020;174
DF;VALE;24/08/2020;218
DF;VALE;25/08/2020;84
DF;VALE;26/08/2020;212
DF;VALE;27/08/2020;118
DF;VALE;28/08/2020;62
DF;NBRA;22/07/2020;196
DF;NBRA;23/07/2020;272
DF;NBRA;24/07/2020;234
DF;NBRA;27/07/2020;24
DF;NBRA;28/07/2020;122
DF;NBRA;29/07/2020;20
DF;NBRA;30/07/2020;138
DF;NBRA;31/07/2020;46
DF;NBRA;03/08/2020;296
DF;NBRA;04/08/2020;44
DF;NBRA;05/08/2020;298
DF;NBRA;06/08/2020;80
DF;NBRA;07/08/2020;196
DF;NBRA;10/08/2020;12
DF;NBRA;11/08/2020;96
DF;NBRA;12/08/2020;174
DF;NBRA;13/08/2020;142
DF;NBRA;14/08/2020;272
DF;NBRA;17/08/2020;114
DF;NBRA;18/08/2020;156
DF;NBRA;19/08/2020;16
DF;NBRA;20/08/2020;196
DF;NBRA;21/08/2020;198
DF;NBRA;24/08/2020;62
DF;NBRA;25/08/2020;174
DF;NBRA;26/08/2020;122
DF;NBRA;27/08/2020;186
DF;NBRA;28/08/2020;232
PE1;HUCK;25/07/2020;146
PE1;HUCK;01/08/2020;260
PE1;HUCK;08/08/2020;146
PE1;HUCK;15/08/2020;274
PE1;HUCK;22/08/2020;26
PE1;CASA;25/07/2020;172
PE1;CASA;01/08/2020;94
PE1;CASA;08/08/2020;56
PE1;CASA;15/08/2020;78
PE1;CASA;22/08/2020;270
PE1;JHOJ;22/07/2020;104
PE1;JHOJ;23/07/2020;16
PE1;JHOJ;24/07/2020;26
PE1;JHOJ;25/07/2020;194
PE1;JHOJ;27/07/2020;78
PE1;JHOJ;28/07/2020;212
PE1;JHOJ;29/07/2020;24
PE1;JHOJ;30/07/2020;282
PE1;JHOJ;31/07/2020;278
PE1;JHOJ;01/08/2020;184
PE1;JHOJ;03/08/2020;284
PE1;JHOJ;04/08/2020;16
PE1;JHOJ;05/08/2020;72
PE1;JHOJ;06/08/2020;158
PE1;JHOJ;07/08/2020;214
PE1;JHOJ;08/08/2020;58
PE1;JHOJ;10/08/2020;62
PE1;JHOJ;11/08/2020;78
PE1;JHOJ;12/08/2020;198
PE1;JHOJ;13/08/2020;256
PE1;JHOJ;14/08/2020;128
PE1;JHOJ;15/08/2020;70
PE1;JHOJ;17/08/2020;20
PE1;JHOJ;18/08/2020;14
PE1;JHOJ;19/08/2020;272
PE1;JHOJ;20/08/2020;260
PE1;JHOJ;21/08/2020;78
PE1;JHOJ;22/08/2020;50
PE1;JHOJ;24/08/2020;202
PE1;JHOJ;25/08/2020;180
PE1;JHOJ;26/08/2020;240
PE1;JHOJ;27/08/2020;188
PE1;JHOJ;28/08/2020;234
PE1;AUTO;26/07/2020;138
PE1;AUTO;02/08/2020;20
PE1;AUTO;09/08/2020;10
PE1;AUTO;16/08/2020;2
PE1;AUTO;23/08/2020;102
PE1;ESPO;26/07/2020;146
PE1;ESPO;02/08/2020;188
PE1;ESPO;09/08/2020;96
PE1;ESPO;16/08/2020;10
PE1;ESPO;23/08/2020;228
PE1;GESP;01/08/2020;244
PE1;GESP;03/08/2020;250
PE1;GESP;04/08/2020;44
PE1;GESP;05/08/2020;248
PE1;GESP;06/08/2020;234
PE1;GESP;07/08/2020;266
PE1;GESP;08/08/2020;108
PE1;GESP;10/08/2020;190
PE1;GESP;11/08/2020;226
PE1;GESP;12/08/2020;130
PE1;GESP;13/08/2020;40
PE1;GESP;14/08/2020;230
PE1;GESP;15/08/2020;194
PE1;GESP;17/08/2020;24
PE1;GESP;18/08/2020;178
PE1;GESP;19/08/2020;124
PE1;GESP;20/08/2020;60
PE1;GESP;21/08/2020;126
PE1;GESP;22/08/2020;260
PE1;GESP;24/08/2020;294
PE1;GESP;25/08/2020;114
PE1;GESP;26/08/2020;72
PE1;GESP;27/08/2020;294
PE1;GESP;28/08/2020;292
PE1;BPRA;22/07/2020;82
PE1;BPRA;23/07/2020;16
PE1;BPRA;24/07/2020;154
PE1;BPRA;27/07/2020;258
PE1;BPRA;28/07/2020;96
PE1;BPRA;29/07/2020;84
PE1;BPRA;30/07/2020;254
PE1;BPRA;31/07/2020;98
PE1;BPRA;03/08/2020;64
PE1;BPRA;04/08/2020;116
PE1;BPRA;05/08/2020;156
PE1;BPRA;06/08/2020;24
PE1;BPRA;07/08/2020;88
PE1;BPRA;10/08/2020;242
PE1;BPRA;11/08/2020;156
PE1;BPRA;12/08/2020;172
PE1;BPRA;13/08/2020;218
PE1;BPRA;14/08/2020;194
PE1;BPRA;17/08/2020;116
PE1;BPRA;18/08/2020;88
PE1;BPRA;19/08/2020;274
PE1;BPRA;20/08/2020;160
PE1;BPRA;21/08/2020;296
PE1;BPRA;24/08/2020;288
PE1;BPRA;25/08/2020;202
PE1;BPRA;26/08/2020;46
PE1;BPRA;27/08/2020;24
PE1;BPRA;28/08/2020;262
PE1;HORA;22/07/2020;86
PE1;HORA;23/07/2020;116
PE1;HORA;24/07/2020;112
PE1;HORA;27/07/2020;58
PE1;HORA;28/07/2020;228
PE1;HORA;29/07/2020;196
PE1;HORA;30/07/2020;266
PE1;HORA;31/07/2020;18
PE1;HORA;03/08/2020;260
PE1;HORA;04/08/2020;58
PE1;HORA;05/08/2020;176
PE1;HORA;06/08/2020;24
PE1;HORA;07/08/2020;174
PE1;HORA;10/08/2020;284
PE1;HORA;11/08/2020;70
PE1;HORA;12/08/2020;290
PE1;HORA;13/08/2020;62
PE1;HORA;14/08/2020;242
PE1;HORA;17/08/2020;194
PE1;HORA;18/08/2020;48
PE1;HORA;19/08/2020;138
PE1;HORA;20/08/2020;282
PE1;HORA;21/08/2020;260
PE1;HORA;24/08/2020;174
PE1;HORA;25/08/2020;148
PE1;HORA;26/08/2020;68
PE1;HORA;27/08/2020;44
PE1;HORA;28/08/2020;40
PE1;FATI;22/07/2020;156
PE1;FATI;23/07/2020;132
PE1;FATI;24/07/2020;176
PE1;FATI;27/07/2020;10
PE1;FATI;28/07/2020;208
PE1;FATI;29/07/2020;154
PE1;FATI;30/07/2020;246
PE1;FATI;31/07/2020;274
PE1;FATI;03/08/2020;56
PE1;FATI;04/08/2020;26
PE1;FATI;05/08/2020;260
PE1;FATI;06/08/2020;68
PE1;FATI;07/08/2020;206
PE1;FATI;10/08/2020;264
PE1;FATI;11/08/2020;166
PE1;FATI;12/08/2020;62
PE1;FATI;13/08/2020;222
PE1;FATI;14/08/2020;32
PE1;FATI;17/08/2020;12
PE1;FATI;18/08/2020;202
PE1;FATI;19/08/2020;68
PE1;FATI;20/08/2020;52
PE1;FATI;21/08/2020;86
PE1;FATI;24/08/2020;138
PE1;FATI;25/08/2020;118
PE1;FATI;26/08/2020;30
PE1;FATI;27/08/2020;158
PE1;FATI;28/08/2020;50
PE1;GRUD;26/07/2020;18
PE1;GRUD;02/08/2020;120
PE1;GRUD;09/08/2020;50
PE1;GRUD;16/08/2020;126
PE1;GRUD;23/08/2020;300
PE1;PTV1;22/07/2020;250
PE1;PTV1;23/07/2020;212
PE1;PTV1;24/07/2020;74
PE1;PTV1;25/07/2020;136
PE1;PTV1;27/07/2020;268
PE1;PTV1;28/07/2020;96
PE1;PTV1;29/07/2020;58
PE1;PTV1;30/07/2020;248
PE1;PTV1;31/07/2020;80
PE1;PTV1;01/08/2020;48
PE1;PTV1;03/08/2020;230
PE1;PTV1;04/08/2020;250
PE1;PTV1;05/08/2020;170
PE1;PTV1;06/08/2020;264
PE1;PTV1;07/08/2020;296
PE1;PTV1;08/08/2020;22
PE1;PTV1;10/08/2020;242
PE1;PTV1;11/08/2020;206
PE1;PTV1;12/08/2020;12
PE1;PTV1;13/08/2020;144
PE1;PTV1;14/08/2020;220
PE1;PTV1;15/08/2020;212
PE1;PTV1;17/08/2020;150
PE1;PTV1;18/08/2020;106
PE1;PTV1;19/08/2020;70
PE1;PTV1;20/08/2020;228
PE1;PTV1;21/08/2020;266
PE1;PTV1;22/08/2020;104
PE1;PTV1;24/08/2020;234
PE1;PTV1;25/08/2020;40
PE1;PTV1;26/08/2020;190
PE1;PTV1;27/08/2020;30
PE1;PTV1;28/08/2020;242
PE1;TARA;22/07/2020;92
PE1;TARA;23/07/2020;266
PE1;TARA;24/07/2020;200
PE1;TARA;27/07/2020;56
PE1;TARA;28/07/2020;178
PE1;TARA;29/07/2020;170
PE1;TARA;30/07/2020;60
PE1;TARA;31/07/2020;116
PE1;TARA;03/08/2020;128
PE1;TARA;04/08/2020;48
PE1;TARA;05/08/2020;94
PE1;TARA;06/08/2020;230
PE1;TARA;07/08/2020;46
PE1;TARA;10/08/2020;238
PE1;TARA;11/08/2020;74
PE1;TARA;12/08/2020;176
PE1;TARA;13/08/2020;34
PE1;TARA;14/08/2020;142
PE1;TARA;17/08/2020;134
PE1;TARA;18/08/2020;182
PE1;TARA;19/08/2020;54
PE1;TARA;20/08/2020;74
PE1;TARA;21/08/2020;10
PE1;TARA;24/08/2020;254
PE1;TARA;25/08/2020;206
PE1;TARA;26/08/2020;286
PE1;TARA;27/08/2020;36
PE1;TARA;28/08/2020;156
PE1;TMAX;26/07/2020;250
PE1;TMAX;02/08/2020;68
PE1;TMAX;09/08/2020;120
PE1;TMAX;16/08/2020;268
PE1;TMAX;23/08/2020;258
PE1;JOGA;04/08/2020;228
PE1;JOGA;05/08/2020;96
PE1;JOGA;10/08/2020;260
PE1;JOGA;12/08/2020;158
PE1;JOGA;19/08/2020;190
PE1;JOGA;26/08/2020;108
PE1;SUCI;25/07/2020;240
PE1;SUCI;01/08/2020;254
PE1;SUCI;08/08/2020;14
PE1;SUCI;15/08/2020;146
PE1;SUCI;22/08/2020;24
PE1;EMPR;26/07/2020;158
PE1;EMPR;02/08/2020;126
PE1;EMPR;09/08/2020;274
PE1;EMPR;16/08/2020;76
PE1;EMPR;23/08/2020;286
PE1;SAME;22/07/2020;186
PE1;SAME;23/07/2020;144
PE1;SAME;24/07/2020;234
PE1;SAME;27/07/2020;170
PE1;SAME;28/07/2020;280
PE1;SAME;29/07/2020;8
PE1;SAME;30/07/2020;50
PE1;SAME;31/07/2020;102
PE1;SAME;03/08/2020;166
PE1;SAME;04/08/2020;98
PE1;SAME;05/08/2020;166
PE1;SAME;06/08/2020;292
PE1;SAME;07/08/2020;188
PE1;SAME;10/08/2020;112
PE1;SAME;11/08/2020;298
PE1;SAME;12/08/2020;168
PE1;SAME;13/08/2020;194
PE1;SAME;14/08/2020;22
PE1;SAME;17/08/2020;254
PE1;SAME;18/08/2020;236
PE1;SAME;19/08/2020;166
PE1;SAME;20/08/2020;88
PE1;SAME;21/08/2020;68
PE1;SAME;24/08/2020;276
PE1;SAME;25/08/2020;28
PE1;SAME;26/08/2020;110
PE1;SAME;27/08/2020;96
PE1;SAME;28/08/2020;178
PE1;MAVO;03/08/2020;144
PE1;MAVO;04/08/2020;246
PE1;MAVO;05/08/2020;38
PE1;MAVO;06/08/2020;296
PE1;MAVO;07/08/2020;276
PE1;MAVO;10/08/2020;2
PE1;MAVO;11/08/2020;192
PE1;MAVO;12/08/2020;206
PE1;MAVO;13/08/2020;104
PE1;MAVO;14/08/2020;172
PE1;MAVO;17/08/2020;200
PE1;MAVO;18/08/2020;290
PE1;MAVO;19/08/2020;148
PE1;MAVO;20/08/2020;80
PE1;MAVO;21/08/2020;44
PE1;MAVO;24/08/2020;150
PE1;MAVO;25/08/2020;196
PE1;MAVO;26/08/2020;290
PE1;MAVO;27/08/2020;288
PE1;MAVO;28/08/2020;114
PE1;BIAL;22/07/2020;96
PE1;BIAL;23/07/2020;98
PE1;BIAL;24/07/2020;192
PE1;BIAL;27/07/2020;176
PE1;BIAL;28/07/2020;120
PE1;BIAL;29/07/2020;158
PE1;BIAL;30/07/2020;256
PE1;BIAL;31/07/2020;270
PE1;BIAL;03/08/2020;104
PE1;BIAL;04/08/2020;50
PE1;BIAL;06/08/2020;248
PE1;BIAL;10/08/2020;100
PE1;BIAL;11/08/2020;120
PE1;BIAL;13/08/2020;44
PE1;BIAL;14/08/2020;36
PE1;BIAL;17/08/2020;200
PE1;BIAL;18/08/2020;186
PE1;BIAL;19/08/2020;132
PE1;BIAL;20/08/2020;64
PE1;BIAL;21/08/2020;92
PE1;BIAL;25/08/2020;118
PE1;BIAL;26/08/2020;230
PE1;BIAL;27/08/2020;126
PE1;SERA;25/07/2020;32
PE1;SERA;01/08/2020;188
PE1;SERA;08/08/2020;290
PE1;SERA;15/08/2020;230
PE1;SERA;22/08/2020;242
PE1;VALE;22/07/2020;288
PE1;VALE;23/07/2020;76
PE1;VALE;24/07/2020;46
PE1;VALE;27/07/2020;190
PE1;VALE;28/07/2020;40
PE1;VALE;29/07/2020;90
PE1;VALE;30/07/2020;2
PE1;VALE;31/07/2020;76
PE1;VALE;03/08/2020;250
PE1;VALE;04/08/2020;100
PE1;VALE;05/08/2020;182
PE1;VALE;06/08/2020;202
PE1;VALE;07/08/2020;218
PE1;VALE;10/08/2020;202
PE1;VALE;11/08/2020;220
PE1;VALE;12/08/2020;120
PE1;VALE;13/08/2020;142
PE1;VALE;14/08/2020;260
PE1;VALE;17/08/2020;114
PE1;VALE;18/08/2020;216
PE1;VALE;19/08/2020;94
PE1;VALE;20/08/2020;2
PE1;VALE;21/08/2020;92
PE1;VALE;24/08/2020;126
PE1;VALE;25/08/2020;8
PE1;VALE;26/08/2020;188
PE1;VALE;27/08/2020;66
PE1;VALE;28/08/2020;12
PE1;NBRA;22/07/2020;168
PE1;NBRA;23/07/2020;248
PE1;NBRA;24/07/2020;122
PE1;NBRA;27/07/2020;48
PE1;NBRA;28/07/2020;270
PE1;NBRA;29/07/2020;190
PE1;NBRA;30/07/2020;268
PE1;NBRA;31/07/2020;168
PE1;NBRA;03/08/2020;158
PE1;NBRA;04/08/2020;268
PE1;NBRA;05/08/2020;158
PE1;NBRA;06/08/2020;240
PE1;NBRA;07/08/2020;4
PE1;NBRA;10/08/2020;82
PE1;NBRA;11/08/2020;292
PE1;NBRA;12/08/2020;194
PE1;NBRA;13/08/2020;284
PE1;NBRA;14/08/2020;228
PE1;NBRA;17/08/2020;268
PE1;NBRA;18/08/2020;50
PE1;NBRA;19/08/2020;276
PE1;NBRA;20/08/2020;278
PE1;NBRA;21/08/2020;210
PE1;NBRA;24/08/2020;96
PE1;NBRA;25/08/2020;268
PE1;NBRA;26/08/2020;182
PE1;NBRA;27/08/2020;156
PE1;NBRA;28/08/2020;34
NAC;HUCK;25/07/2020;274
NAC;HUCK;01/08/2020;254
NAC;HUCK;08/08/2020;298
NAC;HUCK;15/08/2020;70
NAC;HUCK;22/08/2020;252
NAC;CASA;25/07/2020;4
NAC;CASA;01/08/2020;84
NAC;CASA;08/08/2020;224
NAC;CASA;15/08/2020;138
NAC;CASA;22/08/2020;112
NAC;JHOJ;22/07/2020;226
NAC;JHOJ;23/07/2020;222
NAC;JHOJ;24/07/2020;230
NAC;JHOJ;25/07/2020;68
NAC;JHOJ;27/07/2020;172
NAC;JHOJ;28/07/2020;124
NAC;JHOJ;29/07/2020;16
NAC;JHOJ;30/07/2020;200
NAC;JHOJ;31/07/2020;268
NAC;JHOJ;01/08/2020;72
NAC;JHOJ;03/08/2020;122
NAC;JHOJ;04/08/2020;70
NAC;JHOJ;05/08/2020;88
NAC;JHOJ;06/08/2020;192
NAC;JHOJ;07/08/2020;134
NAC;JHOJ;08/08/2020;126
NAC;JHOJ;10/08/2020;4
NAC;JHOJ;11/08/2020;266
NAC;JHOJ;12/08/2020;270
NAC;JHOJ;13/08/2020;196
NAC;JHOJ;14/08/2020;236
NAC;JHOJ;15/08/2020;186
NAC;JHOJ;17/08/2020;152
NAC;JHOJ;18/08/2020;250
NAC;JHOJ;19/08/2020;274
NAC;JHOJ;20/08/2020;236
NAC;JHOJ;21/08/2020;286
NAC;JHOJ;22/08/2020;280
NAC;JHOJ;24/08/2020;38
NAC;JHOJ;25/08/2020;264
NAC;JHOJ;26/08/2020;190
NAC;JHOJ;27/08/2020;270
NAC;JHOJ;28/08/2020;296
NAC;AUTO;26/07/2020;132
NAC;AUTO;02/08/2020;262
NAC;AUTO;09/08/2020;146
NAC;AUTO;16/08/2020;80
NAC;AUTO;23/08/2020;294
NAC;ESPO;26/07/2020;92
NAC;ESPO;02/08/2020;56
NAC;ESPO;09/08/2020;170
NAC;ESPO;16/08/2020;202
NAC;ESPO;23/08/2020;4
NAC;GESP;01/08/2020;116
NAC;GESP;03/08/2020;94
NAC;GESP;04/08/2020;88
NAC;GESP;05/08/2020;2
NAC;GESP;06/08/2020;32
NAC;GESP;07/08/2020;50
NAC;GESP;08/08/2020;38
NAC;GESP;10/08/2020;258
NAC;GESP;11/08/2020;188
NAC;GESP;12/08/2020;122
NAC;GESP;13/08/2020;242
NAC;GESP;14/08/2020;34
NAC;GESP;15/08/2020;12
NAC;GESP;17/08/2020;276
NAC;GESP;18/08/2020;18
NAC;GESP;19/08/2020;72
NAC;GESP;20/08/2020;246
NAC;GESP;21/08/2020;254
NAC;GESP;22/08/2020;108
NAC;GESP;24/08/2020;120
NAC;GESP;25/08/2020;138
NAC;GESP;26/08/2020;276
NAC;GESP;27/08/2020;296
NAC;GESP;28/08/2020;176
NAC;BPRA;22/07/2020;120
NAC;BPRA;23/07/2020;264
NAC;BPRA;24/07/2020;174
NAC;BPRA;27/07/2020;64
NAC;BPRA;28/07/2020;42
NAC;BPRA;29/07/2020;182
NAC;BPRA;30/07/2020;296
NAC;BPRA;31/07/2020;272
NAC;BPRA;03/08/2020;6
NAC;BPRA;04/08/2020;208
NAC;BPRA;05/08/2020;208
NAC;BPRA;06/08/2020;44
NAC;BPRA;07/08/2020;86
NAC;BPRA;10/08/2020;250
NAC;BPRA;11/08/2020;286
NAC;BPRA;12/08/2020;248
NAC;BPRA;13/08/2020;8
NAC;BPRA;14/08/2020;270
NAC;BPRA;17/08/2020;32
NAC;BPRA;18/08/2020;62
NAC;BPRA;19/08/2020;164
NAC;BPRA;20/08/2020;214
NAC;BPRA;21/08/2020;54
NAC;BPRA;24/08/2020;114
NAC;BPRA;25/08/2020;146
NAC;BPRA;26/08/2020;204
NAC;BPRA;27/08/2020;28
NAC;BPRA;28/08/2020;184
NAC;SCOM;01/08/2020;162
NAC;SCOM;08/08/2020;50
NAC;SCOM;22/08/2020;174
NAC;HORA;22/07/2020;146
NAC;HORA;23/07/2020;34
NAC;HORA;24/07/2020;124
NAC;HORA;27/07/2020;108
NAC;HORA;28/07/2020;202
NAC;HORA;29/07/2020;230
NAC;HORA;30/07/2020;14
NAC;HORA;31/07/2020;82
NAC;HORA;03/08/2020;182
NAC;HORA;04/08/2020;100
NAC;HORA;05/08/2020;90
NAC;HORA;06/08/2020;232
NAC;HORA;07/08/2020;274
NAC;HORA;10/08/2020;82
NAC;HORA;11/08/2020;66
NAC;HORA;12/08/2020;280
NAC;HORA;13/08/2020;84
NAC;HORA;14/08/2020;88
NAC;HORA;17/08/2020;210
NAC;HORA;18/08/2020;126
NAC;HORA;19/08/2020;280
NAC;HORA;20/08/2020;36
NAC;HORA;21/08/2020;14
NAC;HORA;24/08/2020;78
NAC;HORA;25/08/2020;24
NAC;HORA;26/08/2020;18
NAC;HORA;27/08/2020;110
NAC;HORA;28/08/2020;208
NAC;FATI;22/07/2020;222
NAC;FATI;23/07/2020;254
NAC;FATI;24/07/2020;86
NAC;FATI;27/07/2020;126
NAC;FATI;28/07/2020;128
NAC;FATI;29/07/2020;278
NAC;FATI;30/07/2020;116
NAC;FATI;31/07/2020;206
NAC;FATI;03/08/2020;200
NAC;FATI;04/08/2020;124
NAC;FATI;05/08/2020;6
NAC;FATI;06/08/2020;76
NAC;FATI;07/08/2020;262
NAC;FATI;10/08/2020;104
NAC;FATI;11/08/2020;54
NAC;FATI;12/08/2020;294
NAC;FATI;13/08/2020;82
NAC;FATI;14/08/2020;52
NAC;FATI;17/08/2020;20
NAC;FATI;18/08/2020;150
NAC;FATI;19/08/2020;54
NAC;FATI;20/08/2020;44
NAC;FATI;21/08/2020;108
NAC;FATI;24/08/2020;274
NAC;FATI;25/08/2020;142
NAC;FATI;26/08/2020;156
NAC;FATI;27/08/2020;92
NAC;FATI;28/08/2020;224
NAC;GRUD;26/07/2020;228
NAC;GRUD;02/08/2020;228
NAC;GRUD;09/08/2020;32
NAC;GRUD;16/08/2020;240
NAC;GRUD;23/08/2020;138
NAC;PTV1;22/07/2020;252
NAC;PTV1;23/07/2020;72
NAC;PTV1;24/07/2020;102
NAC;PTV1;25/07/2020;244
NAC;PTV1;27/07/2020;48
NAC;PTV1;28/07/2020;10
NAC;PTV1;29/07/2020;146
NAC;PTV1;30/07/2020;224
NAC;PTV1;31/07/2020;70
NAC;PTV1;01/08/2020;164
NAC;PTV1;03/08/2020;142
NAC;PTV1;04/08/2020;120
NAC;PTV1;05/08/2020;100
NAC;PTV1;06/08/2020;78
NAC;PTV1;07/08/2020;222
NAC;PTV1;08/08/2020;56
NAC;PTV1;10/08/2020;250
NAC;PTV1;11/08/2020;90
NAC;PTV1;12/08/2020;80
NAC;PTV1;13/08/2020;216
NAC;PTV1;14/08/2020;96
NAC;PTV1;15/08/2020;138
NAC;PTV1;17/08/2020;186
NAC;PTV1;18/08/2020;158
NAC;PTV1;19/08/2020;162
NAC;PTV1;20/08/2020;176
NAC;PTV1;21/08/2020;182
NAC;PTV1;22/08/2020;174
NAC;PTV1;24/08/2020;110
NAC;PTV1;25/08/2020;290
NAC;PTV1;26/08/2020;32
NAC;PTV1;27/08/2020;234
NAC;PTV1;28/08/2020;66
NAC;TARA;22/07/2020;78
NAC;TARA;23/07/2020;82
NAC;TARA;24/07/2020;8
NAC;TARA;27/07/2020;18
NAC;TARA;28/07/2020;76
NAC;TARA;29/07/2020;56
NAC;TARA;30/07/2020;174
NAC;TARA;31/07/2020;114
NAC;TARA;03/08/2020;218
NAC;TARA;04/08/2020;82
NAC;TARA;05/08/2020;116
NAC;TARA;06/08/2020;64
NAC;TARA;07/08/2020;136
NAC;TARA;10/08/2020;292
NAC;TARA;11/08/2020;282
NAC;TARA;12/08/2020;116
NAC;TARA;13/08/2020;184
NAC;TARA;14/08/2020;138
NAC;TARA;17/08/2020;280
NAC;TARA;18/08/2020;112
NAC;TARA;19/08/2020;290
NAC;TARA;20/08/2020;24
NAC;TARA;21/08/2020;166
NAC;TARA;24/08/2020;226
NAC;TARA;25/08/2020;232
NAC;TARA;26/08/2020;284
NAC;TARA;27/08/2020;266
NAC;TARA;28/08/2020;94
NAC;TMAX;26/07/2020;104
NAC;TMAX;02/08/2020;174
NAC;TMAX;09/08/2020;248
NAC;TMAX;16/08/2020;112
NAC;TMAX;23/08/2020;8
NAC;JOGA;04/08/2020;116
NAC;JOGA;05/08/2020;26
NAC;JOGA;10/08/2020;196
NAC;JOGA;12/08/2020;36
NAC;JOGA;19/08/2020;84
NAC;JOGA;26/08/2020;232
NAC;SUCI;25/07/2020;106
NAC;SUCI;01/08/2020;208
NAC;SUCI;08/08/2020;30
NAC;SUCI;15/08/2020;88
NAC;SUCI;22/08/2020;172
NAC;EMPR;26/07/2020;260
NAC;EMPR;02/08/2020;164
NAC;EMPR;09/08/2020;38
NAC;EMPR;16/08/2020;210
NAC;EMPR;23/08/2020;132
NAC;SAME;22/07/2020;138
NAC;SAME;23/07/2020;174
NAC;SAME;24/07/2020;300
NAC;SAME;27/07/2020;166
NAC;SAME;28/07/2020;78
NAC;SAME;29/07/2020;22
NAC;SAME;30/07/2020;30
NAC;SAME;31/07/2020;106
NAC;SAME;03/08/2020;136
NAC;SAME;04/08/2020;34
NAC;SAME;05/08/2020;104
NAC;SAME;06/08/2020;84
NAC;SAME;07/08/2020;50
NAC;SAME;10/08/2020;74
NAC;SAME;11/08/2020;128
NAC;SAME;12/08/2020;232
NAC;SAME;13/08/2020;234
NAC;SAME;14/08/2020;222
NAC;SAME;17/08/2020;294
NAC;SAME;18/08/2020;300
NAC;SAME;19/08/2020;30
NAC;SAME;20/08/2020;184
NAC;SAME;21/08/2020;226
NAC;SAME;24/08/2020;62
NAC;SAME;25/08/2020;298
NAC;SAME;26/08/2020;160
NAC;SAME;27/08/2020;180
NAC;SAME;28/08/2020;248
NAC;MAVO;03/08/2020;244
NAC;MAVO;04/08/2020;216
NAC;MAVO;05/08/2020;88
NAC;MAVO;06/08/2020;152
NAC;MAVO;07/08/2020;104
NAC;MAVO;10/08/2020;250
NAC;MAVO;11/08/2020;160
NAC;MAVO;12/08/2020;48
NAC;MAVO;13/08/2020;294
NAC;MAVO;14/08/2020;140
NAC;MAVO;17/08/2020;224
NAC;MAVO;18/08/2020;116
NAC;MAVO;19/08/2020;130
NAC;MAVO;20/08/2020;180
NAC;MAVO;21/08/2020;114
NAC;MAVO;24/08/2020;152
NAC;MAVO;25/08/2020;170
NAC;MAVO;26/08/2020;174
NAC;MAVO;27/08/2020;300
NAC;MAVO;28/08/2020;118
NAC;BIAL;22/07/2020;160
NAC;BIAL;23/07/2020;276
NAC;BIAL;24/07/2020;300
NAC;BIAL;27/07/2020;6
NAC;BIAL;28/07/2020;210
NAC;BIAL;29/07/2020;48
NAC;BIAL;30/07/2020;2
NAC;BIAL;31/07/2020;230
NAC;BIAL;03/08/2020;138
NAC;BIAL;04/08/2020;280
NAC;BIAL;06/08/2020;2
NAC;BIAL;10/08/2020;128
NAC;BIAL;11/08/2020;46
NAC;BIAL;13/08/2020;264
NAC;BIAL;14/08/2020;214
NAC;BIAL;17/08/2020;106
NAC;BIAL;18/08/2020;36
NAC;BIAL;19/08/2020;260
NAC;BIAL;20/08/2020;106
NAC;BIAL;21/08/2020;36
NAC;BIAL;25/08/2020;54
NAC;BIAL;26/08/2020;228
NAC;BIAL;27/08/2020;26
NAC;SERA;25/07/2020;188
NAC;SERA;01/08/2020;66
NAC;SERA;08/08/2020;192
NAC;SERA;15/08/2020;218
NAC;SERA;22/08/2020;68
NAC;VALE;22/07/2020;10
NAC;VALE;23/07/2020;146
NAC;VALE;24/07/2020;60
NAC;VALE;27/07/2020;6
NAC;VALE;28/07/2020;212
NAC;VALE;29/07/2020;270
NAC;VALE;30/07/2020;228
NAC;VALE;31/07/2020;78
NAC;VALE;03/08/2020;122
NAC;VALE;04/08/2020;156
NAC;VALE;05/08/2020;176
NAC;VALE;06/08/2020;290
NAC;VALE;07/08/2020;18
NAC;VALE;10/08/2020;78
NAC;VALE;11/08/2020;290
NAC;VALE;12/08/2020;164
NAC;VALE;13/08/2020;192
NAC;VALE;14/08/2020;110
NAC;VALE;17/08/2020;108
NAC;VALE;18/08/2020;134
NAC;VALE;19/08/2020;292
NAC;VALE;20/08/2020;144
NAC;VALE;21/08/2020;90
NAC;VALE;24/08/2020;28
NAC;VALE;25/08/2020;80
NAC;VALE;26/08/2020;300
NAC;VALE;27/08/2020;18
NAC;VALE;28/08/2020;178
NAC;NBRA;22/07/2020;228
NAC;NBRA;23/07/2020;294
NAC;NBRA;24/07/2020;96
NAC;NBRA;27/07/2020;10
NAC;NBRA;28/07/2020;200
NAC;NBRA;29/07/2020;26
NAC;NBRA;30/07/2020;208
NAC;NBRA;31/07/2020;232
NAC;NBRA;03/08/2020;240
NAC;NBRA;04/08/2020;262
NAC;NBRA;05/08/2020;220
NAC;NBRA;06/08/2020;234
NAC;NBRA;07/08/2020;216
NAC;NBRA;10/08/2020;174
NAC;NBRA;11/08/2020;66
NAC;NBRA;12/08/2020;222
NAC;NBRA;13/08/2020;46
NAC;NBRA;14/08/2020;200
NAC;NBRA;17/08/2020;230
NAC;NBRA;18/08/2020;174
NAC;NBRA;19/08/2020;292
NAC;NBRA;20/08/2020;74
NAC;NBRA;21/08/2020;180
NAC;NBRA;24/08/2020;168
NAC;NBRA;25/08/2020;72
NAC;NBRA;26/08/2020;144
NAC;NBRA;27/08/2020;262
NAC;NBRA;28/08/2020;298
RJ;PTV1;15/08/2020;8
RJ;PTV1;17/08/2020;8
RJ;PTV1;18/08/2020;22
RJ;PTV1;19/08/2020;26
RJ;PTV1;20/08/2020;90
RJ;PTV1;21/08/2020;258
RJ;PTV1;22/08/2020;196
RJ;PTV1;24/08/2020;92
RJ;PTV1;25/08/2020;236
RJ;PTV1;26/08/2020;172
RJ;PTV1;27/08/2020;148
RJ;PTV1;28/08/2020;34
RJ;TARA;22/07/2020;140
RJ;TARA;23/07/2020;192
RJ;TARA;24/07/2020;258
RJ;TARA;27/07/2020;170
RJ;TARA;28/07/2020;254
RJ;TARA;29/07/2020;94
RJ;TARA;30/07/2020;234
RJ;TARA;31/07/2020;80
RJ;TARA;03/08/2020;120
RJ;TARA;04/08/2020;240
RJ;TARA;05/08/2020;154
RJ;TARA;06/08/2020;290
RJ;TARA;07/08/2020;216
RJ;TARA;10/08/2020;72
RJ;TARA;11/08/2020;126
RJ;TARA;12/08/2020;78
RJ;TARA;13/08/2020;254
RJ;TARA;14/08/2020;242
RJ;TARA;17/08/2020;118
RJ;TARA;18/08/2020;118
RJ;TARA;19/08/2020;184
RJ;TARA;20/08/2020;154
RJ;TARA;21/08/2020;206
RJ;TARA;24/08/2020;198
RJ;TARA;25/08/2020;238
RJ;TARA;26/08/2020;216
RJ;TARA;27/08/2020;86
RJ;TARA;28/08/2020;166
RJ;TMAX;26/07/2020;250
RJ;TMAX;02/08/2020;206
RJ;TMAX;09/08/2020;248
RJ;TMAX;16/08/2020;84
RJ;TMAX;23/08/2020;190
RJ;JOGA;04/08/2020;28
RJ;JOGA;05/08/2020;136
RJ;JOGA;10/08/2020;24
RJ;JOGA;12/08/2020;60
RJ;JOGA;19/08/2020;188
RJ;JOGA;26/08/2020;108
RJ;SUCI;25/07/2020;294
RJ;SUCI;01/08/2020;236
RJ;SUCI;08/08/2020;70
RJ;SUCI;15/08/2020;62
RJ;SUCI;22/08/2020;54
RJ;EMPR;26/07/2020;100
RJ;EMPR;02/08/2020;56
RJ;EMPR;09/08/2020;104
RJ;EMPR;16/08/2020;288
RJ;EMPR;23/08/2020;286
RJ;SAME;22/07/2020;54
RJ;SAME;23/07/2020;284
RJ;SAME;24/07/2020;40
RJ;SAME;27/07/2020;80
RJ;SAME;28/07/2020;58
RJ;SAME;29/07/2020;158
RJ;SAME;30/07/2020;232
RJ;SAME;31/07/2020;210
RJ;SAME;03/08/2020;10
RJ;SAME;04/08/2020;106
RJ;SAME;05/08/2020;36
RJ;SAME;06/08/2020;120
RJ;SAME;07/08/2020;262
RJ;SAME;10/08/2020;266
RJ;SAME;11/08/2020;260
RJ;SAME;12/08/2020;42
RJ;SAME;13/08/2020;284
RJ;SAME;14/08/2020;286
RJ;SAME;17/08/2020;218
RJ;SAME;18/08/2020;26
RJ;SAME;19/08/2020;10
RJ;SAME;20/08/2020;102
RJ;SAME;21/08/2020;38
RJ;SAME;24/08/2020;190
RJ;SAME;25/08/2020;216
RJ;SAME;26/08/2020;112
RJ;SAME;27/08/2020;124
RJ;SAME;28/08/2020;114
RJ;MAVO;03/08/2020;224
RJ;MAVO;04/08/2020;156
RJ;MAVO;05/08/2020;258
RJ;MAVO;06/08/2020;76
RJ;MAVO;07/08/2020;276
RJ;MAVO;10/08/2020;240
RJ;MAVO;11/08/2020;84
RJ;MAVO;12/08/2020;22
RJ;MAVO;13/08/2020;158
RJ;MAVO;14/08/2020;232
RJ;MAVO;17/08/2020;108
RJ;MAVO;18/08/2020;6
RJ;MAVO;19/08/2020;112
RJ;MAVO;20/08/2020;284
RJ;MAVO;21/08/2020;100
RJ;MAVO;24/08/2020;252
RJ;MAVO;25/08/2020;290
RJ;MAVO;26/08/2020;182
RJ;MAVO;27/08/2020;182
RJ;MAVO;28/08/2020;126
RJ;BIAL;22/07/2020;260
RJ;BIAL;23/07/2020;216
RJ;BIAL;24/07/2020;122
RJ;BIAL;27/07/2020;94
RJ;BIAL;28/07/2020;240
RJ;BIAL;29/07/2020;20
RJ;BIAL;30/07/2020;134
RJ;BIAL;31/07/2020;204
RJ;BIAL;03/08/2020;284
RJ;BIAL;04/08/2020;122
RJ;BIAL;06/08/2020;190
RJ;BIAL;10/08/2020;130
RJ;BIAL;11/08/2020;26
RJ;BIAL;13/08/2020;206
RJ;BIAL;14/08/2020;156
RJ;BIAL;17/08/2020;66
RJ;BIAL;18/08/2020;160
RJ;BIAL;19/08/2020;56
RJ;BIAL;20/08/2020;290
RJ;BIAL;21/08/2020;62
RJ;BIAL;25/08/2020;22
RJ;BIAL;26/08/2020;80
RJ;BIAL;27/08/2020;92
RJ;SERA;25/07/2020;270
RJ;SERA;01/08/2020;156
RJ;SERA;08/08/2020;160
RJ;SERA;15/08/2020;36
RJ;SERA;22/08/2020;34
RJ;VALE;22/07/2020;102
RJ;VALE;23/07/2020;70
RJ;VALE;24/07/2020;262
RJ;VALE;27/07/2020;98
RJ;VALE;28/07/2020;206
RJ;VALE;29/07/2020;28
RJ;VALE;30/07/2020;164
RJ;VALE;31/07/2020;232
RJ;VALE;03/08/2020;48
RJ;VALE;04/08/2020;278
RJ;VALE;05/08/2020;298
RJ;VALE;06/08/2020;84
RJ;VALE;07/08/2020;56
RJ;VALE;10/08/2020;216
RJ;VALE;11/08/2020;262
RJ;VALE;12/08/2020;42
RJ;VALE;13/08/2020;146
RJ;VALE;14/08/2020;284
RJ;VALE;17/08/2020;130
RJ;VALE;18/08/2020;136
RJ;VALE;19/08/2020;16
RJ;VALE;20/08/2020;60
RJ;VALE;21/08/2020;174
RJ;VALE;24/08/2020;204
RJ;VALE;25/08/2020;8
RJ;VALE;26/08/2020;92
RJ;VALE;27/08/2020;54
RJ;VALE;28/08/2020;146
RJ;NBRA;22/07/2020;82
RJ;NBRA;23/07/2020;110
RJ;NBRA;24/07/2020;80
RJ;NBRA;27/07/2020;118
RJ;NBRA;28/07/2020;2
RJ;NBRA;29/07/2020;198
RJ;NBRA;30/07/2020;264
RJ;NBRA;31/07/2020;4
RJ;NBRA;03/08/2020;200
RJ;NBRA;04/08/2020;90
RJ;NBRA;05/08/2020;250
RJ;NBRA;06/08/2020;12
RJ;NBRA;07/08/2020;144
RJ;NBRA;10/08/2020;110
RJ;NBRA;11/08/2020;204
RJ;NBRA;12/08/2020;62
RJ;NBRA;13/08/2020;86
RJ;NBRA;14/08/2020;54
RJ;NBRA;17/08/2020;26
RJ;NBRA;18/08/2020;200
RJ;NBRA;19/08/2020;76
RJ;NBRA;20/08/2020;216
RJ;NBRA;21/08/2020;134
RJ;NBRA;24/08/2020;174
RJ;NBRA;25/08/2020;70
RJ;NBRA;26/08/2020;236
RJ;NBRA;27/08/2020;2
RJ;NBRA;28/08/2020;194
BH;HUCK;25/07/2020;96
BH;HUCK;01/08/2020;84
BH;HUCK;08/08/2020;242
BH;HUCK;15/08/2020;138
BH;HUCK;22/08/2020;136
BH;CASA;25/07/2020;62
BH;CASA;01/08/2020;210
BH;CASA;08/08/2020;4
BH;CASA;15/08/2020;212
BH;CASA;22/08/2020;90
BH;JHOJ;22/07/2020;208
BH;JHOJ;23/07/2020;132
BH;JHOJ;24/07/2020;134
BH;JHOJ;25/07/2020;204
BH;JHOJ;27/07/2020;72
BH;JHOJ;28/07/2020;170
BH;JHOJ;29/07/2020;212
BH;JHOJ;30/07/2020;272
BH;JHOJ;31/07/2020;8
BH;JHOJ;01/08/2020;48
BH;JHOJ;03/08/2020;66
BH;JHOJ;04/08/2020;216
BH;JHOJ;05/08/2020;8
BH;JHOJ;06/08/2020;122
BH;JHOJ;07/08/2020;74
BH;JHOJ;08/08/2020;96
BH;JHOJ;10/08/2020;180
BH;JHOJ;11/08/2020;164
BH;JHOJ;12/08/2020;32
BH;JHOJ;13/08/2020;112
BH;JHOJ;14/08/2020;80
BH;JHOJ;15/08/2020;154
BH;JHOJ;17/08/2020;128
BH;JHOJ;18/08/2020;218
BH;JHOJ;19/08/2020;102
BH;JHOJ;20/08/2020;148
BH;JHOJ;21/08/2020;210
BH;JHOJ;22/08/2020;104
BH;JHOJ;24/08/2020;110
BH;JHOJ;25/08/2020;56
BH;JHOJ;26/08/2020;150
BH;JHOJ;27/08/2020;186
BH;JHOJ;28/08/2020;228
BH;AUTO;26/07/2020;140
BH;AUTO;02/08/2020;94
BH;AUTO;09/08/2020;38
BH;AUTO;16/08/2020;262
BH;AUTO;23/08/2020;296
BH;ESPO;26/07/2020;220
BH;ESPO;02/08/2020;160
BH;ESPO;09/08/2020;104
BH;ESPO;16/08/2020;108
BH;ESPO;23/08/2020;130
BH;GESP;01/08/2020;246
BH;GESP;03/08/2020;80
BH;GESP;04/08/2020;28
BH;GESP;05/08/2020;128
BH;GESP;06/08/2020;82
BH;GESP;07/08/2020;300
BH;GESP;08/08/2020;196
BH;GESP;10/08/2020;298
BH;GESP;11/08/2020;188
BH;GESP;12/08/2020;266
BH;GESP;13/08/2020;74
BH;GESP;14/08/2020;88
BH;GESP;15/08/2020;62
BH;GESP;17/08/2020;136
BH;GESP;18/08/2020;38
BH;GESP;19/08/2020;176
BH;GESP;20/08/2020;158
BH;GESP;21/08/2020;8
BH;GESP;22/08/2020;162
BH;GESP;24/08/2020;154
BH;GESP;25/08/2020;234
BH;GESP;26/08/2020;224
BH;GESP;27/08/2020;42
BH;GESP;28/08/2020;68
BH;BPRA;22/07/2020;150
BH;BPRA;23/07/2020;138
BH;BPRA;24/07/2020;248
BH;BPRA;27/07/2020;44
BH;BPRA;28/07/2020;42
BH;BPRA;29/07/2020;252
BH;BPRA;30/07/2020;68
BH;BPRA;31/07/2020;92
BH;BPRA;03/08/2020;162
BH;BPRA;04/08/2020;216
BH;BPRA;05/08/2020;154
BH;BPRA;06/08/2020;162
BH;BPRA;07/08/2020;206
BH;BPRA;10/08/2020;98
BH;BPRA;11/08/2020;136
BH;BPRA;12/08/2020;116
BH;BPRA;13/08/2020;290
BH;BPRA;14/08/2020;238
BH;BPRA;17/08/2020;54
BH;BPRA;18/08/2020;138
BH;BPRA;19/08/2020;32
BH;BPRA;20/08/2020;66
BH;BPRA;21/08/2020;246
BH;BPRA;24/08/2020;80
BH;BPRA;25/08/2020;152
BH;BPRA;26/08/2020;172
BH;BPRA;27/08/2020;72
BH;BPRA;28/08/2020;22
BH;HORA;22/07/2020;254
BH;HORA;23/07/2020;254
BH;HORA;24/07/2020;16
BH;HORA;27/07/2020;268
BH;HORA;28/07/2020;108
BH;HORA;29/07/2020;40
BH;HORA;30/07/2020;224
BH;HORA;31/07/2020;242
BH;HORA;03/08/2020;262
BH;HORA;04/08/2020;166
BH;HORA;05/08/2020;74
BH;HORA;06/08/2020;58
BH;HORA;07/08/2020;40
BH;HORA;10/08/2020;56
BH;HORA;11/08/2020;2
BH;HORA;12/08/2020;236
BH;HORA;13/08/2020;12
BH;HORA;14/08/2020;56
BH;HORA;17/08/2020;110
BH;HORA;18/08/2020;60
BH;HORA;19/08/2020;254
BH;HORA;20/08/2020;234
BH;HORA;21/08/2020;122
BH;HORA;24/08/2020;190
BH;HORA;25/08/2020;282
BH;HORA;26/08/2020;94
BH;HORA;27/08/2020;202
BH;HORA;28/08/2020;32
BH;FATI;22/07/2020;48
BH;FATI;23/07/2020;34
BH;FATI;24/07/2020;208
BH;FATI;27/07/2020;172
BH;FATI;28/07/2020;238
BH;FATI;29/07/2020;218
BH;FATI;30/07/2020;18
BH;FATI;31/07/2020;70
BH;FATI;03/08/2020;2
BH;FATI;04/08/2020;102
BH;FATI;05/08/2020;270
BH;FATI;06/08/2020;102
BH;FATI;07/08/2020;66
BH;FATI;10/08/2020;152
BH;FATI;11/08/2020;152
BH;FATI;12/08/2020;230
BH;FATI;13/08/2020;214
BH;FATI;14/08/2020;182
BH;FATI;17/08/2020;6
BH;FATI;18/08/2020;128
BH;FATI;19/08/2020;62
BH;FATI;20/08/2020;70
BH;FATI;21/08/2020;284
BH;FATI;24/08/2020;138
BH;FATI;25/08/2020;288
BH;FATI;26/08/2020;76
BH;FATI;27/08/2020;168
BH;FATI;28/08/2020;258
BH;GRUD;26/07/2020;88
BH;GRUD;02/08/2020;88
BH;GRUD;09/08/2020;86
BH;GRUD;16/08/2020;90
BH;GRUD;23/08/2020;12
BH;PTV1;22/07/2020;248
BH;PTV1;23/07/2020;32
BH;PTV1;24/07/2020;276
BH;PTV1;25/07/2020;60
BH;PTV1;27/07/2020;130
BH;PTV1;28/07/2020;250
BH;PTV1;29/07/2020;22
BH;PTV1;30/07/2020;38
BH;PTV1;31/07/2020;106
BH;PTV1;01/08/2020;260
BH;PTV1;03/08/2020;4
BH;PTV1;04/08/2020;40
BH;PTV1;05/08/2020;112
BH;PTV1;06/08/2020;54
BH;PTV1;07/08/2020;256
BH;PTV1;08/08/2020;224
BH;PTV1;10/08/2020;38
BH;PTV1;11/08/2020;16
BH;PTV1;12/08/2020;264
BH;PTV1;13/08/2020;166
BH;PTV1;14/08/2020;124
BH;PTV1;15/08/2020;32
BH;PTV1;17/08/2020;280
BH;PTV1;18/08/2020;112
BH;PTV1;19/08/2020;54
BH;PTV1;20/08/2020;284
BH;PTV1;21/08/2020;172
BH;PTV1;22/08/2020;174
BH;PTV1;24/08/2020;276
BH;PTV1;25/08/2020;110
BH;PTV1;26/08/2020;112
BH;PTV1;27/08/2020;128
BH;PTV1;28/08/2020;72
BH;TARA;22/07/2020;282
BH;TARA;23/07/2020;56
BH;TARA;24/07/2020;88
BH;TARA;27/07/2020;92
BH;TARA;28/07/2020;150
BH;TARA;29/07/2020;260
BH;TARA;30/07/2020;72
BH;TARA;31/07/2020;144
BH;TARA;03/08/2020;230
BH;TARA;04/08/2020;256
BH;TARA;05/08/2020;174
BH;TARA;06/08/2020;24
BH;TARA;07/08/2020;2
BH;TARA;10/08/2020;226
BH;TARA;11/08/2020;124
BH;TARA;12/08/2020;158
BH;TARA;13/08/2020;292
BH;TARA;14/08/2020;190
BH;TARA;17/08/2020;36
BH;TARA;18/08/2020;40
BH;TARA;19/08/2020;184
BH;TARA;20/08/2020;158
BH;TARA;21/08/2020;36
BH;TARA;24/08/2020;182
BH;TARA;25/08/2020;256
BH;TARA;26/08/2020;160
BH;TARA;27/08/2020;208
BH;TARA;28/08/2020;224
BH;TMAX;26/07/2020;50
BH;TMAX;02/08/2020;84
BH;TMAX;09/08/2020;212
BH;TMAX;16/08/2020;16
BH;TMAX;23/08/2020;196
BH;JOGA;04/08/2020;258
BH;JOGA;05/08/2020;106
BH;JOGA;10/08/2020;278
BH;JOGA;12/08/2020;36
BH;JOGA;19/08/2020;164
BH;JOGA;26/08/2020;246
BH;SUCI;25/07/2020;254
BH;SUCI;01/08/2020;72
BH;SUCI;08/08/2020;210
BH;SUCI;15/08/2020;156
BH;SUCI;22/08/2020;272
BH;EMPR;26/07/2020;140
BH;EMPR;02/08/2020;46
BH;EMPR;09/08/2020;172
BH;EMPR;16/08/2020;98
BH;EMPR;23/08/2020;44
BH;SAME;22/07/2020;106
BH;SAME;23/07/2020;68
BH;SAME;24/07/2020;232
BH;SAME;27/07/2020;166
BH;SAME;28/07/2020;116
BH;SAME;29/07/2020;42
BH;SAME;30/07/2020;42
BH;SAME;31/07/2020;198
BH;SAME;03/08/2020;70
BH;SAME;04/08/2020;102
BH;SAME;05/08/2020;270
BH;SAME;06/08/2020;222
BH;SAME;07/08/2020;42
BH;SAME;10/08/2020;176
BH;SAME;11/08/2020;288
BH;SAME;12/08/2020;222
BH;SAME;13/08/2020;230
BH;SAME;14/08/2020;6
BH;SAME;17/08/2020;182
BH;SAME;18/08/2020;182
BH;SAME;19/08/2020;190
BH;SAME;20/08/2020;74
BH;SAME;21/08/2020;258
BH;SAME;24/08/2020;50
BH;SAME;25/08/2020;184
BH;SAME;26/08/2020;130
BH;SAME;27/08/2020;8
BH;SAME;28/08/2020;222
BH;MAVO;03/08/2020;230
BH;MAVO;04/08/2020;42
BH;MAVO;05/08/2020;46
BH;MAVO;06/08/2020;252
BH;MAVO;07/08/2020;46
BH;MAVO;10/08/2020;74
BH;MAVO;11/08/2020;244
BH;MAVO;12/08/2020;78
BH;MAVO;13/08/2020;160
BH;MAVO;14/08/2020;90
BH;MAVO;17/08/2020;248
BH;MAVO;18/08/2020;46
BH;MAVO;19/08/2020;256
BH;MAVO;20/08/2020;94
BH;MAVO;21/08/2020;166
BH;MAVO;24/08/2020;76
BH;MAVO;25/08/2020;150
BH;MAVO;26/08/2020;30
BH;MAVO;27/08/2020;34
BH;MAVO;28/08/2020;200
BH;BIAL;22/07/2020;206
BH;BIAL;23/07/2020;8
BH;BIAL;24/07/2020;222
BH;BIAL;27/07/2020;110
BH;BIAL;28/07/2020;100
BH;BIAL;29/07/2020;280
BH;BIAL;30/07/2020;86
BH;BIAL;31/07/2020;124
BH;BIAL;03/08/2020;48
BH;BIAL;04/08/2020;136
BH;BIAL;06/08/2020;2
BH;BIAL;10/08/2020;154
BH;BIAL;11/08/2020;54
BH;BIAL;13/08/2020;20
BH;BIAL;14/08/2020;112
BH;BIAL;17/08/2020;166
BH;BIAL;18/08/2020;84
BH;BIAL;19/08/2020;154
BH;BIAL;20/08/2020;156
BH;BIAL;21/08/2020;218
BH;BIAL;25/08/2020;144
BH;BIAL;26/08/2020;88
BH;BIAL;27/08/2020;286
BH;SERA;25/07/2020;176
BH;SERA;01/08/2020;264
BH;SERA;08/08/2020;300
BH;SERA;15/08/2020;298
BH;SERA;22/08/2020;144
BH;VALE;22/07/2020;12
BH;VALE;23/07/2020;96
BH;VALE;24/07/2020;96
BH;VALE;27/07/2020;208
BH;VALE;28/07/2020;102
BH;VALE;29/07/2020;10
BH;VALE;30/07/2020;140
BH;VALE;31/07/2020;222
BH;VALE;03/08/2020;14
BH;VALE;04/08/2020;224
BH;VALE;05/08/2020;300
BH;VALE;06/08/2020;42
BH;VALE;07/08/2020;248
BH;VALE;10/08/2020;260
BH;VALE;11/08/2020;30
BH;VALE;12/08/2020;240
BH;VALE;13/08/2020;92
BH;VALE;14/08/2020;214
BH;VALE;17/08/2020;116
BH;VALE;18/08/2020;156
BH;VALE;19/08/2020;38
BH;VALE;20/08/2020;46
BH;VALE;21/08/2020;76
BH;VALE;24/08/2020;46
BH;VALE;25/08/2020;212
BH;VALE;26/08/2020;144
BH;VALE;27/08/2020;2
BH;VALE;28/08/2020;68
BH;NBRA;22/07/2020;292
BH;NBRA;23/07/2020;64
BH;NBRA;24/07/2020;54
BH;NBRA;27/07/2020;88
BH;NBRA;28/07/2020;4
BH;NBRA;29/07/2020;254
BH;NBRA;30/07/2020;242
BH;NBRA;31/07/2020;252
BH;NBRA;03/08/2020;192
BH;NBRA;04/08/2020;20
BH;NBRA;05/08/2020;86
BH;NBRA;06/08/2020;280
BH;NBRA;07/08/2020;234
BH;NBRA;10/08/2020;106
BH;NBRA;11/08/2020;252
BH;NBRA;12/08/2020;116
BH;NBRA;13/08/2020;288
BH;NBRA;14/08/2020;148
BH;NBRA;17/08/2020;174
BH;NBRA;18/08/2020;286
BH;NBRA;19/08/2020;54
BH;NBRA;20/08/2020;280
BH;NBRA;21/08/2020;226
BH;NBRA;24/08/2020;218
BH;NBRA;25/08/2020;66
BH;NBRA;26/08/2020;44
BH;NBRA;27/08/2020;190
BH;NBRA;28/08/2020;202